id,nombre_completo,titulo_academico,institucion,email
1,John Smith,PhD,UNI,jsmith@example.com
2,Maria López,MSc,UCM,maria.lopez@example.com
3,David Johnson,PhD,UPC,david.johnson@example.com
4,Laura García,MSc,UNI,laura.garcia@example.com
5,Michael Brown,PhD,UAB,michael.brown@example.com
6,Ana Rodríguez,MSc,UPC,ana.rodriguez@example.com
7,Daniel Martinez,PhD,UAB,daniel.martinez@example.com
8,Sara Pérez,MSc,UCM,sara.perez@example.com
9,Paul Wilson,PhD,UPC,paul.wilson@example.com
10,Elena Fernandez,MSc,UCM,elena.fernandez@example.com
11,Mark Davis,PhD,UNI,mark.davis@example.com
12,Carmen García,MSc,UCM,carmen.garcia@example.com
13,Alex Johnson,PhD,UPC,alex.johnson@example.com
14,Lucia Martinez,MSc,UAB,lucia.martinez@example.com
15,Robert Smith,PhD,UCM,robert.smith@example.com
16,Laura López,MSc,UPC,laura.lopez@example.com
17,Sarah Miller,PhD,UNI,sarah.miller@example.com
18,David Wilson,MSc,UAB,david.wilson@example.com
19,Paula Johnson,PhD,UCM,paula.johnson@example.com
20,Carlos Pérez,MSc,UPC,carlos.perez@example.com
21,Maria Rodríguez,PhD,UCM,maria.rodriguez@example.com
22,Sofia Martinez,MSc,UNI,sofia.martinez@example.com
23,Antonio López,PhD,UPC,antonio.lopez@example.com
24,Emily Davis,MSc,UCM,emily.davis@example.com
25,Daniel Wilson,PhD,UAB,daniel.wilson@example.com
26,Laura García,MSc,UPC,laura.garcia@example.com
27,Mark Smith,PhD,UNI,mark.smith@example.com
28,Carmen Fernandez,MSc,UCM,carmen.fernandez@example.com
29,Alex Rodriguez,PhD,UPC,alex.rodriguez@example.com
30,Sara Johnson,MSc,UCM,sara.johnson@example.com